{"cameraMode":{"drawMode":0,"name":"Shaded","section":"Shading Mode"},"sceneLighting":true,"audioPlay":false,"sceneViewState":{"m_AlwaysRefresh":false,"showFog":true,"showSkybox":true,"showFlares":true,"showImageEffects":true,"showParticleSystems":true,"showVisualEffectGraphs":true,"m_FxEnabled":true},"in2DMode":false,"pivot":{"x":5.152621746063232,"y":0.11894526332616806,"z":1.656480073928833},"rotation":{"x":-0.08149714767932892,"y":-0.8914641737937927,"z":0.17775017023086549,"w":-0.40872910618782046},"size":7.226012229919434,"orthographic":false}